,Consumer,Manuf,HiTec,Hlth,btc,eth
Consumer,0.027755674859537272,0.028857277422755626,0.026587722211613242,0.02237710790239252,0.022110719200757276,0.03168803193266811
Manuf,0.028857277422755626,0.04464387024949118,0.04198578361043457,0.029268171947825647,0.03720205791822296,0.05089060752107901
HiTec,0.026587722211613242,0.04198578361043457,0.06563630569876469,0.035205968643459734,0.05064345447315334,0.06865745758200473
Hlth,0.02237710790239252,0.029268171947825647,0.035205968643459734,0.03310650924526474,0.026747043173601485,0.03799122025081637
btc,0.022110719200757276,0.03720205791822296,0.05064345447315334,0.026747043173601485,0.4667938013019246,0.49017539164618024
eth,0.03168803193266811,0.05089060752107901,0.06865745758200473,0.03799122025081637,0.49017539164618024,0.7753901063163653
